group_id,domains
1,263.net.cn
2,aamcoanaheim.net;aamcotulsa-memorial.com
3,aamcoelpaso-east.com;aamcoutah.com;aamcowintervillenc.com;aamcoindependencemo.com;aamcoseguin.com
4,aamcooflascruces.com
5,aamcotracyca.com
6,abc-autoglas.de
7,abilways.be
8,accelltherapy.com.au
9,acetoolonline.com
10,actemium.ch;actemium.co.uk;actemium.de;actemium.nl;actemium.pt;actemium.sk
11,actemium.es
12,actemium.se
13,actemium.us
14,acuraofgainesville.com
15,acurasouthpoint.com
16,adeccogroupfoundationus;adeccogroupfoundationus.org
17,adecco.com.sg;duracell-me.com;duracell.co.za;duracell.com.tr;duracell.es;duracell.fr;duracell.in;duracell.it;duracell.pl;sealy.co.kr;secureparkingusa.com;adecco.co.th;adecco.de;eccreditcontrol.com.au;seqens.fi;logmaxbr.com.br;adra.sk;luminishealthcareers.org;edf-re.com.au;lyspoland.pl;africell.ao;engie-ecserwis.pl;engieresources.com;engieservices.us;engie.de;engie.de;engie.pt;mazdaofpoughkeepsie.com;toysrus.pt;esseskincare.fi;esseskincare.hk;esseskincare.no;esseskincare.se;eurochem-na.com;aliaxis-me.com;aliaxis.be;aliaxis.bg;aliaxis.cz;aliaxis.gr;aliaxis.hu;aliaxis.it;aliaxis.pl;tridentseafoods.jp;whirlpool-bangladesh.com;papajohns.co.nl;allianz.ma;exertisztorm.com;faacentrancesolutions.be;faesfarma.com.co;medicover.de;amphenolaudio.com;menschenfuermenschen.at;mercyships.org.au;mercyships.se;misterwhat.nl;fronticsamerica.com;furuno.gr;garminstore.com;garminstore.com.br;genan.com;avia.nl;babgencel.de;bakertilly-ca.com;svnchicagopm.com;bakertillymlt.se;bakertillysek.se;svncredit.ro;bakertilly.com.ve;bakertilly.ec;bakertilly.fr;bakertilly.lk;bakertilly.uy;telehouse.co.th;habitatcoosavalley.org;besins-healthcare.nl;besins-healthcare.se;habitatns.ca;habitatstl.org;habitatvietnam.org;nextbikeczech.com;toolstationjobs.nl;hawaiifamilydentalcareers.com;toyota-niederberger.at;toyotacomauto.com;blackroll.com.pl;honda-angouleme.com;honda-bordeaux.com;bonprix;bonprix.jobs;honda-caen.com;honda-cannes.com;honda-chateauroux.com;honda-dijon.com;honda-grenoble.com;honda-larochelle.com;honda-lemans.com;honda-lille.com;honda-limoges.com;honda-lorient.com;honda-marseille.com;honda-meaux.com;honda-melun.com;honda-metz.com;honda-montpellier.com;brother-industrial.md;brother-slovakia.sk;brother.co.il;honda-mulhouse.com;honda-pirola.com;honda-reims.com;honda-rennes.com;honda-rouen.com;honda-saint-maur.com;honda-strasbourg.com;honda-toulouse.com;honda-villebon.com;hondasevilla.net;howdenagents.gr;howdengroupholdings.com;howdensafetysolutions.com;unglobalcompact.ca;hyrox.es;peugeot.sk;hyundaigatineau.ca;hyundai.ge;cargoriga.ee;indianmotorcyclesturgis.com;infiniti-abudhabi.com;infiniti-azerbaijan.com;infiniti-bahrain.com;infiniti-dubai.com;infiniti-jordan.com;infiniti.com.do;infiniti.com.pa;infiniti.mx;inhuntworld.com;cfmoto-larissa.gr;cfmotobenelux.eu;cfmotoitaly.it;cfmoto.com.tr;victorsport.com.tw;vitalsauna.eu;vivaconagua.at;vivaconagua.org.za;weidner.ca;whatsonsaudiarabia.com;whirlpool-bangladesh;jetfriorefrigeracao.com.br;reallifeconcepts.co.za;reedglobal.ae;reedglobal.ch;reedglobal.com.mt;reedglobal.cz;reedglobal.hu;reedglobal.pl;crocs;crocs.cl;job-impulse.hu;johcm-ukconference.com;reedglobal.sg;williamblairfunds.com;ctdi.in;remax.fi;renault-argenteuil.fr;worldvision.cl;renault-fama.be;renault-materom.ro;renault-tessenderlo.be;kamic.fi;renaultbank.es;kawasaki-seufert.de;kia-ci.com;renaultsanzhispano.es;kia-gorny-eislingen.de;wwf.at;kia-moeller-wunstorf.de;kia-mouscron.be;kiacadca.sk;renaulttersa.com.mx;renaultvercammen.be;kiamotors.com.co;kiaonline.dk;kiaspringfield.co;kiaspringfield.co.za;kia.co.sz;roca.co.th;decathlon.cz;komoder.md;laborelec.com;lamborghini-berlin.com;lamborghini-cannes.com;lamborghini-paris.com;lamborghinimontreal.com
18,adecco.com.vn
19,adfc-radtourismus.de
20,adlatus-nordwestschweiz.ch
21,adra.ca;adra.nl;adra.org.pe;adra.org.pt;adra.org.rs;adra.se
22,adra.pl
23,advantisengineering.com
24,advocarenewbornnetwork.com
25,aeccglobal.com.bd;aeccglobal.co.id
26,affidea.ba;affidea.pt;affidea.ro
27,affidea.lt
28,affidea.pl
29,affinitynonprofits.com
30,aiesec.gr
31,aiesec.org.es;aiesec.ba;aiesec.my;aiesecargentina.org;aiesecaustralia.org
32,aiesec.cl
33,airbnb;airbnb;airbnb;airbnb;airbnb;airbnb.com;airbnb.com;airbnb.com;airbnb.com;airbnb.com;airbnb.com;airbnb.com;airbnb.com;airbnb.com;airbnb.com;airbnb.co;airbnb.co;airbnb.co;airbnb;airbnb;airbnb;airbnb;airbnb;airbnb;airbnb;airbnb;airbnb;airbnb.rs;airbnb;airbnb
34,aireonepeel.ca
35,ajas.cz
36,ajaxtocco.de
37,albatroslogistic.ma
38,alchemia-nova.net
39,aleris-pp.dk
40,algeco.at
41,algeco.be
42,algeco.com
43,algeco.sk
44,algordanza.com.au
45,allbranded.de
46,allianz.ie;allianzdarta.ie;allianzgloballife.com;allianzpp.com;allianz.lt;allianz.lu;allianz.mg;allianz.nl
47,allianzlifebali.com;allianz.is
48,allianzlifechanger.com
49,alosindustrials.com
50,alten-consulting.de
51,altengt.com
52,alten.ca
53,altriusconsulting.com
54,ambiderm.com.gt
55,amnesty.eu;amnesty.lu;amnesty.org.ng
56,amnesty.hu;amnesty.is
57,amnesty.id
58,amnesty.ie
59,amnesty.se
60,amtrakvacations.com.au
61,amway;amway.at;amway;amway;amway;amway
62,amway.co.jp
63,anadolumedicalcenter.al
64,analytik-jena.fr
65,anderson-negele-gmbh.ru
66,andre-media.it
67,annotext.de;medknow.com;bizfilings.com;wolterskluwer.com.my;wolterskluwer.dk;delreg.com;genya.it
68,anotherbrokeneggfranchise.com
69,aon.lt;aon.lv
70,aonsolutions.com.cy
71,aontravpro.com
72,aon.co.nz
73,aon.hu
74,apexdynamicsgermany.de
75,apolloclinicguwahati.co.in
76,applebees.com.gt
77,aquatherm-belux.be
78,araihelmet.com
79,ardexamericas.com;ardex.dk;ardex.pl
80,ardexbuildingproducts.ie
81,arkaybeverages;arkaybeverages.com
82,asendia.de
83,asieris.com
84,astrazeneca.com.hk
85,astreitalia.it
86,atalian.be;atalian.com.tr
87,atalian.cz
88,atalian.hu;carlsjrmerida.com;carlsjr.com.mx;carlsjr.com.my;carlsjr.com.sg;carlsjr.com.tr;carlsjr.es;bnpparibasdeveloppement.com
89,atalian.nl
90,atalian.pl
91,atalian.sk
92,athora.nl
93,attijariwafabank.com.eg
94,autosecuritas-barlin.fr;autosecuritas-ct-notre-dame-doe.fr;autosecuritas-ct-seysses.fr;autosecuritas-ctlp.fr;autosecuritas-ducos.fr;autosecuritas-passins.fr;autosecuritas-tallard.fr;autosecuritaslemoule.fr
95,avia-belgomine.be;avia.hu
96,avia-ramonville.fr;avia-unimot.com.ua;aviabienert.de
97,avia.ch
98,avis-tahiti.com;avis.cr;avisng.com;avis.com.do;avis.com.ph
99,avispl.de
100,avis.co.mw
101,avis.nc
102,avon.co.mu
103,axa-assistance.cz;axa-assistance.ma;axa-assistance.pl;axa-lifeeurope.com;axabreakdown.co.uk;axa.dz
104,axa.ad
105,axa.com.br
106,axa;axa.ma
107,babble.com
108,bakertilly.com.cy;bakertilly.bg
109,bakertilly.ba
110,bakertilly.com.kh;bakertilly.ke
111,bakertilly.com.pa
112,bakertilly.pk
113,batistareisfloresonline.com.br
114,bauder.ag;bauder.lt
115,bauder.at
116,bauder.be;bauder.nl;bauder.rs
117,bauder.fr
118,bauer-egypt.com
119,bauermedia.no
120,bauwerk-group.hr
121,baywa-re.es;bluecardagency.ru;baywa-re.vn
122,bbraun.ae
123,bbraun.be;bbraun.bg;bbraun.cz;bbraun.fi;bbraun.hr;bbraun.no;bbraun.rs;bbraun.se
124,bbraun.cn
125,bbraun.ru
126,bcurelaser.co.il
127,bees-sport.nl
128,bellaplanta;bellaplanta.de
129,benu.ch;benu.nl;benu
130,benu.ee;benu.lt;benu.lv
131,berlitz-augsburg.de
132,berlitz-bahrain.com;berlitz-dublin.ie
133,berlitzhautsdefrance.fr;berlitznouvelleaquitaine.fr
134,berlitzph.com
135,berlitz.com.py
136,bestdrive.fi
137,bestdrive.ie
138,bestdrive.pl;bestdrive.se
139,bestrucksofmn.net
140,bestwesternbraddock.com
141,bigfootdigital.co.uk
142,billygraham.ca
143,bioderma-india;bioderma.co;bioderma.co.za;bioderma;bioderma.it;bioderma;bioderma-sk;bioderma-sk.com;bioderma;bioderma.com;bioderma.com.hr
144,bioderma.ec
145,bioderma.pl
146,biothanesolutions.com;veolia.co.za;veolia.cz;veolia.de;veolia.es;veolia.fi;veolia.ie;veolia.in;veolia.jp;veolia.ma;veolia.nl;veolia.pl;veolia.pt;veolia.sk;krugerkaldnes.no;veolianorthamerica.com;veoliawatertechnologies.de;veoliawatertechnologies.es;veoliawatertechnologies.fi;veoliawatertechnologies.fr;veoliawatertechnologies.it;veoliawatertechnologies.pl;veoliawatertech.com;veolia.am;veolia.be;veolia.bg;veolia.ca;veolia.cn;veolia.com.gh;veolia.com.ru;veolia.com.sg
147,bmw-motorrad-euromotos-lyon.fr
148,bonprix.co.uk
149,bonprix.fi
150,bosch-climate.com.tr;bosch-homecomfortgroup.com;bosch-homecomfort.com;bosch-industrial.com;bosch-industry-consulting;bosch-industry-consulting.com;bosch-wohnungsgesellschaft;bosch-wohnungsgesellschaft.de;boschautopartes.mx;boschautoparts.com
151,bosch-pt.com.au
152,bosch-pt.com.my
153,bosch-pt.co.in
154,bowlero.mx
155,boxful.com.tw
156,budatec.de
157,budget-ireland.co;budget-ireland.co.uk
158,budgetglacier.com
159,budget.bg
160,budget.com.do
161,budget.co.ao
162,budget.rs
163,buffalotours.es
164,buydaikin.ro
165,cafelasmargaritas.es
166,camesoluciones.com
167,canonburgos.com
168,canon.com.br
169,cardif.pl
170,carglass;carglass.cz
171,carglass.dk;carglass.ee;carglass.gr;carglass.hu;carglass.ma;carglass;carglass.si
172,carglass.hr;carglass.rs
173,carglass.lt
174,carglass.re
175,carter-benson.com
176,caspak.co.nz
177,castsoftware.it
178,catsprotectionshop.co.uk
179,cazenovecapital.com
180,cbrain.com
181,ccusa.com.au;ccusa.co.nz
182,cdlbarreiras.com.br
183,cdlcampina.org.br
184,cdlcuritiba.org.br
185,cdljatai.com.br
186,cdljovem.org.br
187,cdlniteroi.com.br;cdltresrios.com.br;cdlvitoria.com.br
188,cdlvideira.com.br
189,cdu-aldenhoven.de
190,cdvibenelux.com;cdvi.fr;cdvi.se;cdviberica.com;cdviberica.com;cdvi.ca;cdvi.ch;cdvi.com;cdvi.de
191,cdvielectronics.com
192,cedstone.ca
193,century21viaplus.be
194,cfmotoperu.com
195,cfmoto.com.br
196,cgparivarconstruction.com
197,chauffeurstelefoon.nl
198,chicco.ch;chicco.fr;chicco.pl;chicco.ru;chicco.com.mx
199,chicco.com.ua
200,chicco.co.nz
201,childrenandteendentalfl.com
202,cimbbank.com.vn;sherwin-williams.com.ec
203,cinnabon-egypt.com;cinnabon.ca;cinnabon.com.tr;cinnabon.mx;cinnabon-ksa.com
204,cinnabonrussia.com;cinnabon.co.za
205,citychain.co.th
206,clarksonhyde.it
207,cleijsenautoschadegoirle.nl
208,coffeesmith.com.sg
209,colorflexpackaging.com
210,compassion.es
211,compo.de;compo.pl
212,cpi-print.com
213,crif.ch;crif.hk;crif.pl;crif.com.tr
214,crif.cz
215,crocs.ch
216,crocs.com.pe;crocs.com.uy
217,crocs.co.nz
218,crocs.pl
219,cubcadet.fr
220,culligandesmoines.com;culliganwatercorrections.com
221,culliganheartland.com;culliganwi.com
222,culliganredwing.com
223,culliganreno.com
224,customneon.com.au
225,cvjm-augsburg.de
226,cvjm-dettingen.de
227,cvjm-gomaringen.de
228,cvjm-hemer.de
229,cvjm-muenchberg.de
230,cvjm-muensingen.de
231,cvjm-nuembrecht.de
232,cvjm-pfalz.de
233,daad-australia.org
234,dahmira.kz
235,daikin-ce.com;daikin-iraq.com;daikin-ksa.com;daikin-manufacturing.de;daikinafrica.com;daikinbahrain.com;daikincareers.com;daikinchemicals.com;daikinczech.cz;daikindevice.cz;daikinegypt.com;daikinkuwait.com;daikinlebanon.com;daikinmea.com;daikinqatar.com;daikinuae.com;daikin.al;daikin.az;daikin.ch;daikin.eu;daikin.fi;daikin.ru
236,daikineastafrica.com
237,daikintexastechnologypark.com
238,daikin.com.mx
239,daikin.com.vn
240,dairyqueenobx.com
241,de-heus;deheus.com;deheus.com.vn;deheus.co;deheus;deheus;deheus.pl;deheus;deheus
242,decathlon-karriere.de
243,decathlon.ch
244,decathlonkz.com
245,decathlon.com;decathlon.com.br
246,decathlon.com.kh
247,demeter-bw.de;demeter.it;demeter-im-norden.de;demeter-im-westen.de
248,demetercs;demetercs.eu
249,demeterschmid.de
250,demeter.at
251,demeter.ch
252,dennert.pl
253,deprag.cz
254,dertour.sk
255,designmehair.cz
256,designpluz.com
257,desjoyauxcreuse.com;desjoyaux.com.cn;desjoyauxcreuse.com
258,desjoyauxgh.com
259,desjoyaux.co.uk
260,desjoyaux.de
261,despat.com
262,dfcapital-investors.com
263,dfsk.tn
264,diamond.co.id
265,dicetek.us
266,dilmahtea.co.uk
267,dolcevita.ca
268,domcortraffic.ca
269,dopplerumbrellas.com.au
270,drekopf-kanalservice.de
271,dulux.co.zw;dulux.pl
272,durableonline.com.sg
273,duracleancarpet.com;duracleanservicebybob.com;duraclean.us
274,duracleanmaine.com
275,ealang.com.cn
276,ebayglobalshipping.com;ebay.co.kr
277,ebay.cn
278,eca-serel.de
279,ecochillers.net
280,ecotec-usa.com
281,ecslupsk.pl
282,edenredrewards.co.in
283,edenred.cl
284,edenred.com.ar
285,edenred.es
286,edenred.fi
287,edenred.hu
288,edenred.pl
289,educab.com.au
290,eftech-international.com
291,einhell.ba;einhell.de;einhell.hr
292,ekartlogistics.in
293,elderhouseadc.com
294,electrolux.com;electrolux.com.mx
295,elizabetharden.tw
296,enefitvolt;enefitvolt.com
297,engenmauritius.com
298,engie-africa;engiemiddleeast.com;engie-africa.com
299,engie-energia.pe
300,engieindia;engieindia.com
301,engie.cl
302,engie.co.uk;engie.sk
303,engie;engie.nl
304,entergy-arkansas.com;entergy-louisiana.com;entergy-mississippi.com
305,entergy-neworleans.com
306,entergy-nuclear.com
307,entergy-texas.com
308,enterprise.com.ar;enterprise.si
309,enterprise.dk
310,equans.cz;equans.hu
311,ercagroup.com.tr
312,eresrelocation.es
313,eru.com.ua
314,etxt.biz
315,eurofinsfoodtesting.nl;eurofins.at
316,euromaster.cz
317,europa-union-bremen;europa-union-bremen.de;europa-union-hessen;europa-union-hessen.de;europa-union-kassel;europa-union-kassel.de
318,europa-union-diepholz;europa-union-diepholz.de
319,europa-union-havelland;europa-union-havelland.de
320,europa-union-niedersachsen;europa-union-niedersachsen.de
321,europa-union-sachsen-anhalt;europa-union-sachsen-anhalt.de;europa-union-sachsen;europa-union-sachsen.de
322,europa-union-thueringen;europa-union-thueringen.de
323,europcar.me
324,eurotradus.eu
325,experianacademy.com;experian.com.hk;experian.com.my;experian.com.sg;experian.co.nz;experian.in
326,experianidworks.com
327,experian.co.uk
328,extremeadventureraces.com
329,fattalhotelgroup.com
330,fft-ps;fft-ps.pl
331,filatime.com
332,filterteknik.dk
333,fimacf.africa
334,fitness4homesuperstore.com
335,flashbay.ca;flashbay.no;flashbay.com.my;flashbay.fi
336,flashbay.es;flashbay.pt
337,flashbay.fr;santander.com.uy;flashbay.hu
338,flashmed-lb.com
339,fleishmanhillard.cn
340,flesan.com.pe
341,fluidmasteruk.com
342,fmc-mexico.com;freseniusmedicalcare.ca
343,fordmediacenter.nl
344,ford.cl
345,ford.dn.ua
346,ford.if.ua;ford.lviv.ua;ford.pl.ua;ford.te.ua;ford.vn.ua
347,fortprousa.com
348,fosterfarmsfoodservice.com
349,foxinaboxbrisbane.com;foxinaboxgoldcoast.com;foxinaboxgraz.at;foxinaboxmiami.com;foxinaboxzutphen.com;foxinabox.mx
350,foxinaboxlondon.uk
351,freeportwestselfstorage.com
352,freseniuskidneycare.com
353,freseniuskidneycare.ph
354,funiber.ci;funiber.cm;funiber.fr;funiber.it;funiber.ma;funiber.ml;funiber.sn
355,funiber.org.co;funiber.org.uy
356,funiber.us
357,furuno.co.uk;furuno.fr
358,future-x.at
359,gallant-ocean.com.tw
360,getscsadmin.com
361,giacomini.cz
362,gjw-bb.de;gjw-hessen.de
363,gjw-mv.de
364,gjw-nd.de
365,gjw-nrw.de;gjw-sachsen.de
366,gjwnwd.de
367,glintinc.com
368,globalconnectcarrier.com;globalconnectgroup.com;globalconnect.de;globalconnect.dk
369,gloriasportsarena.com.tr
370,goliathgames.es;goliathgames.de
371,goliathgames.com
372,gotchateausa.com
373,gracehomes.us
374,grantthornton;grantthornton;grantthornton.com;grantthornton.com.pa
375,grantthornton.sk
376,greatplacetowork.at
377,greatplacetowork.be;greatplacetowork.com.bo;greatplacetowork.com.co;greatplacetowork.com.cy;greatplacetowork.com.pe;greatplacetowork.com.py;greatplacetowork.com.uy;greatplacetowork.com.ve;greatplacetowork.co.il;greatplacetowork.co.ke;greatplacetowork.co.kr;greatplacetowork.lu;greatplacetowork.pl
378,greatplacetowork.ch;greatplacetowork.com.vn;greatplacetowork.es;greatplacetowork.fr;greatplacetowork.gr;greatplacetowork.se;greatplacetowork.cl;greatplacetowork.cn;greatplacetowork.com.au
379,greatplacetowork.com.ar;greatplacetowork.mu;greatplacetowork.com.mm
380,greatplacetowork.com.tr
381,greatplacetowork.is
382,greatplacetowork.pt
383,grupointexa.co
384,gs1al.org
385,gs1bg.org;gs1.ro;gs1hu.org
386,gs1ec.org
387,gs1hr.org
388,gs1mt.org
389,gs1my.org
390,gs1sk.org
391,gs1tn.org
392,gs1.at
393,gs1.dk
394,gs1.org.bo
395,gulf-japan.com
396,gulfoilchina.com
397,gulfoilltd.com;gulf.lu;gulf.no
398,gulfoil.co.uk
399,gulfsverige.com
400,gwaliasweets.ca
401,h2oinnovation.mx
402,habitatindiana;habitatindiana.org
403,habitatmichigan.org
404,habitat.hu
405,hannainst.hr
406,hansa-flex.at;hansa-flex.com.pl;hansa-flex.co.uk;hansa-flex.com.cn
407,hansa-flex.us
408,harigmfg.com
409,heliosstrategia.pl
410,hendersonkyedc.com
411,hennessyfunds.com
412,hertz-autopozicovna.sk
413,hertz-tilburg.nl
414,hertzhn.com
415,hertz.com.cy;hertz.com.do;hertz.ro
416,hertz.com.ge
417,hertz.yt
418,heydudeshoes.es
419,holidayland-friedrichshafen.de
420,hollandandbarrett.ae;hollandandbarrett.com.mt
421,hometowninsurance.us
422,honda-nig.com
423,hondabintang.com
424,hondasemarangcenter.com;honda.cl
425,hondatygerberg.co.za
426,honda.com.hk
427,howdenoze.pl
428,howden.co.il
429,hps-guns.de
430,hsusports.com
431,humanasecondhand.se
432,husse.hu
433,hydroscand.co.ua
434,hyundaiblacktown.com.au;hyundaichullora.com.au
435,hyundaicentralsales.com
436,hyundaitgv.ro
437,hyundai.sn
438,iba-protontherapy.com
439,ibc-solar.co.za;ibc-solar.cz;ibc-solar.es;ibc-solar.it;ibc-solar.jp;ibc-solar.pl
440,ibc-solar.nl
441,icafalinmobiliaria.cl
442,idealindustries.cn
443,ikea.es;ikea.co.id
444,ikea.com.tr
445,ilmercatoambacht.nl;spiegse.com
446,immanuelalbertinen.de
447,immunospot.eu
448,inbeat;inbeat.co
449,inductotherm-group-france.fr;inductotherm.co.kr;inductotherm.com.cn
450,inductothermgroup.com.br
451,inductothermgroup.jp
452,inductotherm.com.au
453,inductotherm.com.tr
454,insize.com.br
455,internationalsos.co.jp
456,internationalsos.no
457,intersport-arc1950.com
458,intersport-gros;intersport-gros.de
459,intersport-martinique-guadeloupe.fr
460,intersport.be
461,intersport.com.cy
462,intersport.com.tr;intersport.sk;intersport.cz;intersport.hu
463,intersport.fi
464,intertongn.es
465,invisalign.co.uk
466,isic.bg
467,isic.de
468,isic.fr
469,islprgac.org
470,isover.bg
471,isover.cz
472,isover.hu
473,isover.sk
474,isuzu-vietnam.com
475,isuzubarcs.hu
476,isuzuniaga.com
477,isuzu.co.mz
478,isuzu.net.my
479,janegal.sk
480,jdimmigration.es
481,jdm.com.pe
482,jll;jll.com;jll.co;jll;jll;jll.lu;jll
483,jll.co.kr
484,job-impulse.co.jp
485,jollibee.com.bn
486,jscosccha.com
487,julis-bayern.de;julis-stuttgart.de;julis-bremen.de;julis-sh.de
488,julis-muenchen.de
489,julis-nuernberg.de;julis-sachsenanhalt.de
490,julis-rhein-berg.de
491,k-startupcenter.org
492,kalorimeta-singen.de
493,kantar.com.tw
494,kapanfastigheter;kapanfastigheter.se
495,katyawilliamsbridal.com
496,kawasaki-center-koeln.de
497,keasyfit.it
498,keika-c.ed.jp
499,kentmaster.nz
500,kern-liebers.it
501,kewpie.com.sg
502,keytitlegroupsa.com
503,kia-bandung.com;kia.com.cy;kia-exner.de
504,kia-guadeloupe.com;kia.com.np
505,kiacowansville;kiacowansville.com
506,kiairaqnim.com
507,kiatorun.pl
508,kia.com;kia.com.co
509,kia.com.ni;kia.com.uy
510,kierpensions.co.uk
511,kilewswest.com
512,kind-der-stadt.at
513,kiwiqa.com.au
514,kokuyo-furniture.com.my
515,komoder.co.uk
516,krautzberger.pl
517,krofian.de
518,kuestarubber.com
519,kumonla.com
520,kumon.cl
521,kumon.com.hk
522,kuraray.us.com
523,lamannamovingny.com
524,lamborghini-zh.ch
525,lamborghinisarasota.com
526,landermitsubishi.com.au
527,landish.ca
528,landi.swiss
529,lcvesta.nl
530,le-tech.co.uk
531,leekeswindows.co.uk
532,leroymerlin.co.za
533,lidl-ni.co.uk;lidl.ee;lidl.lt;lidl.lu;lidl.lv;lidl.com.cy
534,lidl-voyages.fr
535,lightspeedhq;vendhq;lightspeedhq.fr;lightspeedhq
536,linak-latinamerica.com;linak.com.br;linak.cz;linak.de;linak.es;linak.kr;linak.nl;linak.pl
537,linde-electronics.com;linde-gas.ee;linde-gas.fi;linde-gas.nl;linde-gas.sk;lindesaude.pt;linde.ch;linde.co.th
538,linde-finance.com;linde-gas.com
539,linde-gaz.pl
540,lindt.cz;lindt.jp
541,lindt.de
542,lindt.fi
543,linexaus.com.au
544,linexcoloradosprings.com
545,linexofchickasha.com;linexswfl.com
546,linexofmacon.com;linexps.com
547,linexofschererville.com;linexofwilliston.com
548,louisdepoorterestore.com
549,lueck-gruppe.de;spie-wirliebenkabel.de;spie.be;spie.lu
550,luxaflexproject-scandinavia;luxaflexproject-scandinavia.com
551,lvs-oxford.org.uk
552,lww.co.uk
553,macma.pl
554,malerasstockholm.se
555,manpowergroup.com.sg;manpowergroup.dk
556,manpowergroup.cz
557,manpowergroup.gr;manpowergroup.no;manpowergroup.pt;manpowergroup.se
558,mantruckmerchandise.co.uk
559,mapfre.com.ni;mapfre.com.py;mapfre.pr
560,mariagefreres.co.jp
561,martinavenueshops.com
562,mateco-hungary.hu;mateco.ro;mateco.bg
563,mateco.mx
564,mateco.nl
565,matutis.de
566,maxus-norddeutschland;maxus-norddeutschland.de
567,mazda-angola-autozuid.com
568,mazda-autohaus-becker-homburg-bruchhof.de;mazda-autohaus-hellwig-hoyerswerda.de
569,mazda-ma.com
570,mazda-poznan-voyager.pl;mazda-rzeszow-czach.pl;mazda-sosnowiec-mirai.pl
571,mazda-press.com;mazda.ru;mazda.al;mazda.ua
572,mazda-uae.com
573,mazdabali.co.id;mazdalanka.lk;mazda.com.ec
574,mazdanorkar.com
575,mazdaofmidland.com
576,mazdavardi.com.co
577,mazda.com.tw
578,mazda.co.za
579,mazda.de;mazda.hu
580,mazda.fi
581,mcdonalds-hh.de
582,mcdonalds-mcdelivery.es
583,mcdonalds.com.sg
584,mcdonalds;mcdonalds.ma
585,mcdonalds.md
586,mcvitiesindia.com
587,medef-44.fr;medefloire.fr;medef-ain.fr;medef-alsace.com;medef-anjou.fr;medef-artois.fr;medef-aude.com;medef-aura.fr;medef-bearnetsoule.com;medef-beziers.fr;medef-cher.fr;medef-corse.com;medef-cote-opale.com;medef-dromeardeche.fr;medef-essonne.org;medef-franche-comte.com;medef-mayenne.com;medef-nouvelle-aquitaine.fr;medef-pays-basque.fr;medef-paysdelaloire.fr;medef-sarthe.fr;medef-seine-estuaire.fr;medef-seineetmarne.fr;medef-vendee.fr;medef31.fr;medef41.fr;medef71.com;medef79.fr
588,mediqdirekt.de
589,mediqdirekt.hu
590,meggle-bakery;meggle-bakery.com;meggle-cheese;meggle-cheese.com;meggle-group;meggle.co
591,meggle-foodingredients.de;meggle.de;meggle.it
592,menicon.com.au
593,menicon.de;menicon.fr
594,menicon.nl
595,mercanta.de
596,mercyships.be
597,mercyships.nl
598,mersen.jp
599,metagenics.co.jp
600,metlife.cl;metlife.com.au;metlife.com.cy;metlife.com.tr
601,metlife.com.bd
602,meyersound.de
603,mffshopen.se
604,middletemplevenue.org.uk
605,miniso-home.ro;minisouruguay.com.uy
606,minisocr.com
607,minisoindia.com
608,miniso.com.ec
609,miniso.ge
610,miniso.nc
611,mitsubishi-motors.at;mitsubishi-motors.com.kw;mitsubishi-motors.com.om;mitsubishi-motors.fi;mitsubishi-motors.it;mitsubishi-motors.pt;mitsubishi-motors.qa
612,mitsubishielectric-printing.com
613,mitsubishielectric;mitsubishielectric.cz
614,mitsubishielectric.in
615,mitsubishielectric.se
616,modern-heads.com
617,modshair-bielefeld.de;modshair-braunschweig.de;modshair-hannover.de;modshair-koeln-city.de;modshair-koeln-lindenthal.de;modshair-nuernberg.de;modshair-stuttgart.de;modshair.co.nz
618,mondialparebrise.re
619,monitus.com
620,moore-czech.cz;storisell.com
621,moore.es;moore.swiss
622,moorestoke.co.uk
623,movingstarsinc.com
624,msd-animal-health.pt
625,msdinsight.no
626,msd.es
627,msig-asia.com
628,msmode.de
629,mtn.cg
630,mtn.ci;mtn.zm;mtn.com.gh;mtn.co.sz
631,mtn.com.af
632,murrelektronik.at;murrelektronik.be;murrelektronik.ch;murrelektronik.com.cn;murrelektronik.com.tr;murrelektronik.cz;murrelektronik.es;murrelektronik.fi;murrelektronik.fr;murrelektronik.hu;murrelektronik.in;murrelektronik.it;murrelektronik.kr;murrelektronik.no;murrelektronik.pl;murrelektronik.ro;murrelektronik.se;murrelektronik.sg;murrelektronik.sk;murrelektronik.uk
633,muvpropiedades.com.ar
634,mycabin.ie
635,myfamily.ca
636,myron.ca;vectorinfotech.my
637,naturesrewardcoloredcauliflower.com
638,nelsonlabsbozeman.com
639,nepaltrust.gov.np
640,neposystem.me
641,nerdsonsite.co.za
642,nestle-caribbean.com;nestle.co.nz;nestle.hr;nestle.lt;nestle.mk;nestle.pl;nestle.ro;nestle.se;nestle.si;nestle-esar.com;nestle-mena.com;nestle.ba;nestle.ch;nestle.com.bd;nestle.com.bo;nestle.com.pe;nestle.com.py;nestle.com.sg;nestle.com.vn;nestle.co.kr
643,nestle.at
644,nestle.bg
645,nestle.com.ar
646,nestle.com.tw
647,nestle.com.uy
648,nestle.com.ve
649,nestle.dk
650,nestle.do
651,nestle.fi
652,nestle.ir
653,nestle.no
654,nestle.ua
655,netterden.com
656,new-beauty.com
657,newson-gale.co.uk
658,nexi.hr
659,nhszketpo.hu
660,nidek.com
661,nikonclub;nikonclub.fr
662,nikonimgsupport.com;nikonlenswear.cn;nikonmetro1stg.wpengine.com
663,nikon.com.sg
664,niproaustralia.com.au
665,nissanmanufacturing.com
666,nissanofopelousas.com
667,nissantireadvantage.com
668,noiseassessments.org
669,nordicpharma.be;nordicpharma.nl;nordicpharma.pt
670,nordicpharma.es
671,nordicpharma.fr
672,notairespirletboinet.be
673,novonordisk.my
674,nutricia.pt
675,nutrienagsolutions.ca
676,oaklandwoodfloors.net
677,ohb-system.de
678,oil-testing.de
679,oilfieldequipments.us
680,ophitusa.com
681,orange.cm
682,orange.md;orange.sn
683,orange.sk
684,orbico-kenoanyagok.hu
685,orient-food.sk
686,ovb.at;ovb.ro
687,overheaddooraz.com;overheaddoorofterrehaute.com
688,overheaddoorbrookfield.com
689,overheaddoorcompanyjackson.com
690,overheaddoorfayetteville.com
691,overheaddoorkalamazoo.com
692,overheaddoormankato.com
693,overheaddoorriverton.com
694,pacificinfotech.co.uk
695,pakuacanada.com
696,panpuri.fr
697,papajohnsquebec.ca
698,papasaveriospizzeria.com
699,patheon.com;patheon.kr
700,pauldaviswi.com
701,paybase.netlify.app
702,pcllawyersfrankston.com.au
703,peach.immo
704,pearsonactivelearn.com
705,pearsonclinical.ca;pearsonclinical.com.au;pearsonclinical.co.uk
706,pearsonclinical.es;pearsonclinical.fr
707,pearsonschoolsandfecolleges.co.uk
708,pearson.com.cn
709,pearson.com.hk
710,pefc.es
711,pefc.be;pefc.se;pefc.cl;pefc.dk
712,pefc.fi;pefc.org
713,piccinifuels.it
714,pigtailsandcrewcutsfranchise.com
715,pilotpen.com.au
716,pilotpen.co.th
717,pilotpen.co.uk
718,pingusenglishbd.com
719,pingusenglish.ac.th
720,pingusenglish.com;pingusenglish.com.cy;pingusenglish.com.tr;pingusenglish.vn
721,pirtek.be;pirtek.eu;pirtek.ie;pirtek.de
722,pkf-central-america.com;pkf.ch;pkf.com.cy;pkf.co.in;pkf.co.uk;pkf.dk;pkf.jo;pkf.pt;pkf.swiss;pkf-dominicana.com;pkf-fwa.com;pkf-hk.com;pkfboi.nz;pkfboston.com;pkfcr.co.nz;pkfcs.co.nz;pkfea.com;pkfgf.co.nz;pkfjnd.com;pkflesotho.com;pkfmalta.com;pkfsingapore.com;pkfuae.com;pkfve.com
723,pkf-l.com;pkf.sk
724,pkfcabrera.com
725,pkfcaribbean.com
726,pkffinconta.ro
727,pkfkerikeri.co.nz
728,pkfthailand.asia
729,pkf.com.tr
730,plameco-bonn.de;plameco-rheinsieg.de
731,plameco-hannover.de
732,planncosteels.com
733,plastoplan.com
734,plastoplan.pl
735,plastoplan.si
736,platingsystems.info
737,pmcorp.mx
738,pmsgen.com
739,polarysgroup.eu
740,poliform-spb.ru
741,portadoors.com
742,pragroup.com.au;pragroup.pl
743,premiumproperties.com
744,prioritymanagementscotland.co.uk
745,processcommunicationmodel.sk
746,promat.ch
747,promstahl.de
748,propertyfinder.com
749,protectourwinters.de
750,ptsv-hof-minigolf.de
751,pussyspace.net
752,rationalstock.es
753,regalsprings.com.mx
754,remax-buchholz.de
755,remax-emblema.com.ar
756,remax-go.com.ar
757,remax-pinneberg.de
758,remaxcrystal.com
759,renault-beaulieu.fr
760,renault-chihuahua.com;renaultcoatzacoalcos.com.mx;renaultdelsol.com.mx;renaultinterlomas.com;renaultmerida.com.mx;renaultmonterrey.com;renaultpatria.com.mx;renaultpatriotismo.com.mx;renaultpuertovallarta.com.mx;renaultsancosme.com.mx;renaulttepic.mx;renaulttlalnepantla.com.mx;renaultcampeche.mx;renaultcancun.com.mx;renaultchiapas.com.mx
761,renault-guilers.fr
762,renault-tortosa.es;renaultrycauto.es;renaultchiva.com
763,renaultamericas.com.mx
764,renaultselection.co.za
765,renaultzaragoza.com
766,renault.jo
767,renault.no
768,repsolresourcesuk.com;repsolsolgas.com;repsol.fr;repsol.no;repsol.pe;repsol.us
769,repsol.in.ua
770,rexel.ca
771,rexel.it
772,rheine.schule
773,richs.co.uk
774,rjelinek.cl
775,rocatiles.com
776,rotary-bulgaria.org
777,rotary-club-paris-se.org
778,rotary5960.org
779,rotary6450.org
780,rotary7610.org
781,rotary7620.org
782,rotaryclubdelima.org
783,rotaryclubofessex.com
784,rotarycoimbatoredowntown.org;rotarypublicschool.org;rotary.no
785,rotarygranada.es
786,rotary.hr
787,rsmcanada.com;rsmrecruitment.com;rsmthailand.com;rsm.lu;rsmpoland.pl
788,rsmuk.com
789,rubiomonocoatusa.com
790,rubiomonocoat.com.au
791,rutscherlebnis.at
792,sackit.no
793,saint-gobain-glass.co.uk
794,saint-gobain.al;saint-gobain.bg;saint-gobain.mk
795,salvationarmyconcordca.org
796,salvationarmyeet.org
797,salvationarmyflorida.org
798,salvationarmy.org.sg
799,salvationarmy.org.uk
800,sans-sans.com.my
801,santander.com.mx
802,santander.de
803,santander.pt
804,santillana.com.ar;santillana.com.pa;santillana.com.ec
805,santillana.com.hn;santillana.com.uy
806,savethechildren.org.uk;savethechildren.org.za;savethechildren.it
807,savethechildren.ca
808,savethechildren.es
809,savethechildren.mn
810,savethechildren.org.au
811,savethechildren.org.ph
812,savethechildren.or.id
813,scholpp.it
814,scoutaerialafrica.com
815,seasonsrehab.in
816,secom.vn
817,secureparkinghi.com;secureparking.com.kh
818,secureparking.com.lb
819,secureparking.co.id
820,securitas24.de
821,selgen.eu
822,sephora;sephora;sephora.it
823,servier.at;servier.bg;servier.com.ar;servier.com.pa;servier.com.ph;servier.co.id;servier.co.th;servier.co.uk;servier.co.za;servier.cz;servier.es;servier.ge;servier.gr;servier.hu;servier.it;servier.lv;servier.pl;servier.pt;servier.si;servier.sk;servier.ua;servier.vn
824,servier.com.br
825,servier.nl
826,servier;servier.ru
827,shahshalalfood.com
828,shelterstation.com.au
829,shercomotorcycles.it
830,shimadzu-la.com;shimadzu.com.br
831,shopee.co.th
832,siebtechnik-tema.cn;siebtechnik-tema.nl;siebtechnik-tema.com.au;siebtechnik-tema.co.uk
833,siiora.org
834,sitechdo.com.mx
835,sitechnorthwest.com
836,sitech.ch
837,sitech.fi
838,sixty8.ro
839,skoda-clermontferrand.fr;skoda-metz.fr;skoda-nancy.fr
840,skodalondon.com
841,skodanews.de
842,skssweden.se
843,skybusiness.co.nz
844,snapologyfranchising.com
845,sofrecogroup.com
846,softland.com.mx
847,solatube.no;solatube.se
848,solatubegalicia.com
849,solidea.co.za
850,solutions30.nl
851,sompo-intl.com
852,sonepar.cz
853,sothebysrealty.ae
854,sourceadvisors.co.uk
855,soventix.cl
856,specialistnutrition.us
857,specialolympics.com.au
858,spg-motoren.de
859,spie-energotest.pl
860,spie-ics.com
861,spitex-aarenord.ch;spitexbuchs.ch;spitexlueg.ch;spitex-oberfreiamt.ch
862,spitex-appenzellerland.ch;spitex-region-stockhorn.ch;spitex-region-zofingen.ch;spitex-appenzellerland.ch;spitex-bodensee.ch;spitex-wuerenlos.ch;spitexgraenichen.ch;spitexlauchetal.ch;spitex-muellheim.ch;spitexow.ch
863,spitex-buchs.ch
864,spitex-emmen.ch;spitex-steinmaur-neerach.ch;spitex-steinmaur-neerach.ch;spitexmuri.ch
865,spitex-flawil-degersheim.ch
866,spitex-freiamt.ch;spitex-region-kreuzlingen.ch;spitex.sg;spitexampuls.ch;spitex-gersau.ch;spitex-imboden.ch;spitex-region-kreuzlingen.ch
867,spitex-gaeu.ch
868,spitex-grauholz.ch;spitex-trevalli.ch
869,spitex-hoefe.ch;spitex-linth.ch;spitexstaefa.ch
870,spitex-meggen.ch
871,spitex-oberthurgau.ch;spitexkaiseraugst.ch;spitex-zimmerberg.ch;spitex-rothenburg.ch
872,spitex-regiokirchspiel.ch;spitex-regiowittenbach.ch;spitex-romanshorn.ch;spitex-rotbachtal.ch;spitexzug.ch;spitex-waedenswil.ch;spitex-wasseramt.ch;spitex-wiggertal.ch;spitex-wyland.ch;spitexgaiserwald.ch
873,spitex-regionbirs.ch
874,spitex-see-lac.ch
875,spitexaadorf.ch;spitexniesen.ch;spitexgossau.ch
876,spitexkempt.ch
877,spitexrontalplus.ch
878,spitexsense.ch
879,spitextg.ch
880,spitexzh.ch
881,spp.cz
882,sprachcaffe-muenchen.com
883,sprachschule-aktiv-basel.ch
884,sprachschule-aktiv-kaiserslautern.de;sprachschule-aktiv.de
885,srpb2b.com
886,stadtwerke-heidenheim-regio.de
887,stampinup.ca
888,stanbicbank.co.zm
889,stanleyelectricus.com
890,starbucks.com.sg;starbucks.co.nz
891,starbucks.in
892,starkeyjp.com
893,starkey.co.kr
894,statkraft.fr;statkraft.ie
895,stawag-energie.de
896,steelhousegroup.ee
897,steinbacher.pl
898,sto-sea.com;sto.com.tr;stocanada.com;stosignature.com
899,stockco.co.nz
900,stora-drain.be
901,sto.hr
902,strabag-pfs.com
903,subaru-bd.com
904,subarumidlandodessa.com
905,subarusouthblvd.com
906,subarutijuana.mx
907,subaruvilnius.lt
908,subaru.com.tr;subaru.nc
909,subaru.es
910,subaru.eu
911,subaru.jp
912,subaru.lu
913,subway-franchise.fr
914,subwayburbank.com
915,subwayfrance.fr
916,subwaypacific.com
917,subway.com.my;subway.co.id;subway.ru
918,sunnybrookprintshop.ca
919,suttontools.co.nz
920,svnahia.com;svnefird.com;svnprovidence.com
921,svntrinity.com
922,svnvanguardla.com
923,synergiejobs.at
924,synergiejobs.nl
925,synergie.com
926,synergie.pt
927,synlab.com.cy;synlab.mk;synlab.com.gh;synlab.com.tr
928,synlab.com.ng;synlab.ec;synlab.cz;synlab.de
929,takedaoncology.com
930,tapflo.co.za;tapflo.kz
931,tapflo.se
932,tasuki-holdings.co.jp
933,taylorfarmsdeli.com
934,tbwa-entelia.com;tbwa.co.za;tbwa.it
935,tbwa.co.nz
936,tbwa.com.hk
937,tchibo.cz
938,techmatrix-asia.com
939,techtel.com.sg
940,tectake.it
941,teknoware.ae
942,tenneco.co.jp
943,tensar.com.cn
944,terradat.co.uk
945,tescomobile.sk
946,teztour.lt
947,tgmresearch.vn
948,thebodyshop.bg
949,thebodyshop.si
950,thelab.id
951,thelocal.at;thelocal.ch;thelocal.dk;thelocal.es;thelocal.fr;thelocal.it;thelocal.no
952,thisissowgood.com
953,titancontainers.com.tr
954,titancontainers.co.nz
955,titancontainers.dk
956,titancontainers.fr
957,toofacedcosmetics.jp
958,toolstationjobs.be
959,top-system.com.mk
960,top1toysbleijenberg.nl
961,topdoctors.cl
962,toshiba-water.com
963,toupret.ch
964,toyota-bauer.at
965,toyota-bornholm.dk
966,toyota-evreux.fr
967,toyota-indus.com
968,toyota-saint-victoret.com
969,toyota-s.co.il
970,toyota.com.np;toyota.com;toyota.com.kh;toyota.com
971,toyotaaktoy.com.tr;toyotanatas.com.tr
972,toyotaalbania.al
973,toyotaalbay.com.ph
974,toyotabacau.ro;toyotafocsani.ro;toyotaconstanta.ro
975,toyotabeerens.be
976,toyotadolak.cz;toyota.com.mt
977,toyotahonduras.com
978,toyotanorthedsa.com
979,toyotaquezonavenue.com.ph
980,toyotasanpablo.com.ph
981,toyotasouthern.com
982,toyotasud.ro
983,toyota.com.co
984,toyota.co.tz
985,toysrus.com.bn;toysrus.com.sg;toysrus.com.my
986,tracybookshop.com
987,trakm8.cz
988,tributek.com
989,trijit.uk
990,trikonclinicalwaste.co.uk
991,trinkgutlippstadt.de
992,trisa.bg
993,truemoney.com.vn
994,trulynolenalagoas.com.br;trulynolenbarueri.com.br;trulynolencampogrande.com.br;trulynolengoias.com.br;trulynolennatal.com.br;trulynolenparaiba.com.br;trulynolenpiaui.com.br;trulynolenrecife.com.br
995,tryg;tryg.com
996,tts-group.at
997,tupperware.co.kr
998,tupperware.gr
999,tupperware.nl
1000,ubicast.tv
1001,unglobalcompactghana.com
1002,unitecnica-us;unitecnica-us.com
1003,urmet.com.br
1004,vamdodoma;vamdodoma.ru
1005,vans.at
1006,vans.com.au
1007,vans.es
1008,vans.fr
1009,vans.it
1010,vantagepoint.co.id
1011,vbhtrgovina;vbh;vbh.be;vbh;vbh;vbh;vbh;vbh
1012,vbh.com.es
1013,veka.bg;veka.fr;veka.hu
1014,veka.com.sg
1015,venaenergy.co.jp
1016,venturelightingme.com
1017,vetpartners.fr
1018,viacon.no
1019,viessmann.ua
1020,virtual-reality.school
1021,vispiron.systems
1022,vitalimages.com
1023,vkf-renzel.bg;vkf-renzel.dk
1024,vkf-renzel.com.tr
1025,vkf-renzel.cz;vkf-renzel.hu
1026,warmupdeutschland.de
1027,webster.nl
1028,wedos.com
1029,wheystore.vn
1030,whirlpoolservice.co.uk
1031,whirlpool.com.hk
1032,whirlpool.com.sg
1033,wingarc.com.au
1034,wordans.de
1035,wordans.it
1036,workcircle.com
1037,worldoptionsgh.com.au
1038,worldvisionamericalatina.org
1039,worldvisionmexico.org.mx
1040,worldvision.al;worldvision.co
1041,worldvision.bo;worldvision.org.sv
1042,worldvision.org.nz
1043,wuerth-gruppe.ch;wurth.ae;wuerth.com.kh;wurth-international.com;wurth.ua
1044,wuerthmarket;wuerthmarket.ru
1045,wuerth.bg;wurth.com.do;wurth.com.mk;wurth.rs;wurthsaudi.com
1046,wuerth.com.hr
1047,wurth-international.com.cn;wurth.fi;wurth.kz
1048,wurth.co
1049,wurth.pe
1050,wwf.org.nz
1051,wwfchina.org
1052,wwf.es
1053,wwf.no;wwf.ro;wwf.org
1054,wwf.or.th
1055,xella-colloquium.berlin
1056,xtransfer.cn
1057,xwiftracingevents.be
1058,ymca-cnw.org
1059,ymcachicago.org;ymcasf.org
1060,ymcalouisville;ymcalouisville.org
1061,ymcaokc.org
1062,ymcatriangle.org
1063,ymcatrivalley.org
1064,ymcawaycross.com
1065,yonyou.com.hk
1066,yord.pl
1067,yves-rocher.at;yves-rocher.ch;yves-rocher.de;yves-rocher.nl;yves-rocher.se;yvesrocher.com.tr
1068,yves-rocher.it;yves-rocher.pt
1069,zalando;zalando.at;zalando;zalando.be;zalando;zalando.co;zalando.co.uk;zalando;zalando.cz;zalando;zalando.dk;zalando;zalando.ee;zalando;zalando;zalando.no;zalando;zalando.pl
1070,zhcpa.cn
1071,zktecoma.com
1072,zkteco.com.eg
1073,zkteco.co.za;zkteco.me
1074,zkteco.in;zkteco.vn
