group_id,domains
1,263.net.cn;anderson-negele-gmbh.ru;santander.de;santander.pt;savethechildren.org.uk;savethechildren.org.za;savethechildren.it;savethechildren.mn;bestdrive.fi;bestdrive.ie;cimbbank.com.vn;savethechildren.org.ph;topdoctors.cl;jll;jll.com;jll.co;jll;jll;jll.lu;jll;sherwin-williams.com.ec;pcllawyersfrankston.com.au;sompo-intl.com;lightspeedhq;lightspeedhq.fr;lightspeedhq;vendhq;medknow.com;dfcapital-investors.com;santillana.com.ar;santillana.com.ec;santillana.com.hn;santillana.com.pa;santillana.com.uy;annotext.de;premiumproperties.com;bizfilings.com;wolterskluwer.com.my;wolterskluwer.dk;lww.co.uk;manpowergroup.com.sg;manpowergroup.dk;manpowergroup.gr;manpowergroup.no;manpowergroup.pt;manpowergroup.se;genya.it;budget.rs;grantthornton.sk;bakertilly.ba;myron.ca;vectorinfotech.my;delreg.com;savethechildren.es;metlife.cl;metlife.com.au;metlife.com.cy;metlife.com.tr;siebtechnik-tema.cn;siebtechnik-tema.com.au;siebtechnik-tema.co.uk;siebtechnik-tema.nl;soventix.cl;cbrain.com;dertour.sk;kokuyo-furniture.com.my;specialistnutrition.us;apexdynamicsgermany.de;storisell.com;giacomini.cz;moore-czech.cz;moore.es;gjw-mv.de;moore.swiss;nestle-caribbean.com;nestle-esar.com;nestle-mena.com;nestle.ba;nestle.ch;nestle.com.bd;nestle.com.bo;nestle.com.pe;nestle.com.py;nestle.com.sg;nestle.com.vn;nestle.co.kr;nestle.co.nz;nestle.hr;nestle.lt;nestle.mk;nestle.pl;nestle.ro;nestle.se;nestle.si;biothanesolutions.com;cardif.pl;carlsjrmerida.com;carlsjr.com.mx;carlsjr.com.tr;idealindustries.cn;veolianorthamerica.com;veoliawatertechnologies.de;veoliawatertechnologies.es;veoliawatertechnologies.fi;veoliawatertechnologies.fr;veoliawatertechnologies.it;veoliawatertechnologies.pl;veoliawatertech.com;veolia.am;veolia.be;veolia.bg;veolia.ca;veolia.cn;veolia.com.gh;veolia.com.ru;veolia.com.sg;veolia.co.za;veolia.cz;veolia.de;veolia.es;veolia.fi;veolia.ie;veolia.in;veolia.jp;veolia.ma;veolia.nl;veolia.pl;veolia.pt;veolia.sk;jscosccha.com;krugerkaldnes.no;isuzu-vietnam.com;isuzubarcs.hu;isuzu.net.my;stora-drain.be;globalconnectcarrier.com;globalconnectgroup.com;globalconnect.de;globalconnect.dk;pearson.com.hk;pilotpen.co.th;toofacedcosmetics.jp;vitalimages.com;anotherbrokeneggfranchise.com;canon.com.br;bakertilly.com.kh;bakertilly.ke;eurotradus.eu;experianidworks.com;menicon.nl;bakertilly.com.pa;experian.co.uk;advantisengineering.com;andre-media.it;menicon.de;menicon.fr;middletemplevenue.org.uk;freeportwestselfstorage.com;hometowninsurance.us;lvs-oxford.org.uk;electrolux.com;electrolux.com.mx;greatplacetowork.is;fmc-mexico.com;bluecardagency.ru;freseniuskidneycare.com;freseniusmedicalcare.ca;sto-sea.com;stocanada.com;mondialparebrise.re;stosignature.com;sto.com.tr;keika-c.ed.jp;baywa-re.es;baywa-re.vn;teztour.lt;savethechildren.or.id;foxinaboxgraz.at;foxinaboxlondon.uk;foxinaboxmiami.com;whirlpool.com.sg;foxinabox.mx;freseniuskidneycare.ph;bonprix.fi;honda.com.hk;overheaddoorkalamazoo.com;tensar.com.cn;pearson.com.cn;gjw-nrw.de;skoda-clermontferrand.fr;skoda-metz.fr;skoda-nancy.fr;eurofinsfoodtesting.nl;eurofins.at;panpuri.fr;gjw-bb.de;gjw-hessen.de;gjw-nd.de;gjw-sachsen.de;gjwnwd.de;kilewswest.com;avispl.de;batistareisfloresonline.com.br;hyundaiblacktown.com.au;hyundaichullora.com.au;stockco.co.nz;actemium.nl;actemium.pt;atalian.hu;nestle.com.ve;bnpparibasdeveloppement.com;orient-food.sk;trikonclinicalwaste.co.uk;carlsjr.com.my;carlsjr.com.sg;carlsjr.es;remaxcrystal.com;repsolresourcesuk.com;repsolsolgas.com;repsol.fr;repsol.no;repsol.pe;repsol.us;pearsonclinical.es;pearsonclinical.fr;actemium.ch;actemium.co.uk;actemium.de;actemium.sk;pearsonclinical.ca;pearsonclinical.com.au;pearsonclinical.co.uk;truemoney.com.vn;cfmotoperu.com;pkfthailand.asia;daad-australia.org;metagenics.co.jp;piccinifuels.it;statkraft.fr;statkraft.ie;furuno.co.uk;furuno.fr;skodanews.de;elderhouseadc.com;elizabetharden.tw;xtransfer.cn;sunnybrookprintshop.ca;daikin.com.mx;equans.cz;equans.hu;experianacademy.com;experian.com.hk;experian.com.my;experian.com.sg;experian.co.nz;experian.in;extremeadventureraces.com;virtual-reality.school;sourceadvisors.co.uk;netterden.com;canonburgos.com;actemium.se;snapologyfranchising.com;bestwesternbraddock.com;foxinaboxbrisbane.com;foxinaboxgoldcoast.com;foxinaboxzutphen.com;carter-benson.com;teknoware.ae;kalorimeta-singen.de;wingarc.com.au;cgparivarconstruction.com;softland.com.mx;bonprix.co.uk;actemium.us;designmehair.cz;hondabintang.com;honda-nig.com;wurth.pe;kentmaster.nz;affidea.ba;affidea.pt;affidea.ro;eru.com.ua;niproaustralia.com.au;actemium.es;citychain.co.th;wordans.it;santander.com.uy;flashbay.ca;flashbay.com.my;flashbay.es;flashbay.fi;flashbay.fr;flashbay.hu;flashbay.no;flashbay.pt;aiesec.org.es;aiesecargentina.org;aiesecaustralia.org;aiesec.ba;aiesec.my;pussyspace.net;hondasemarangcenter.com;honda.cl;domcortraffic.ca;poliform-spb.ru;remax-go.com.ar;wuerth-gruppe.ch;wuerth.bg;wuerth.com.kh;wurth-international.com;wurth-international.com.cn;wurthsaudi.com;wurth.ae;wurth.com.do;wurth.com.mk;wurth.fi;wurth.kz;wurth.rs;wurth.ua;buydaikin.ro;orange.sk;toyotasouthern.com;gallant-ocean.com.tw;howdenoze.pl;maxus-norddeutschland;maxus-norddeutschland.de;scholpp.it;cleijsenautoschadegoirle.nl;hyundaicentralsales.com;nidek.com;inductothermgroup.com.br;subaru-bd.com;mazdavardi.com.co;affidea.pl;overheaddooraz.com;overheaddoorofterrehaute.com;planncosteels.com;overheaddoorriverton.com;skssweden.se;inductotherm.com.au;monitus.com;daikin-ce.com;daikin-iraq.com;daikin-ksa.com;daikin-manufacturing.de;daikinafrica.com;daikinbahrain.com;daikincareers.com;daikinchemicals.com;daikinczech.cz;daikindevice.cz;daikineastafrica.com;daikinegypt.com;daikinkuwait.com;daikinlebanon.com;daikinmea.com;daikinqatar.com;daikinuae.com;daikin.al;daikin.az;daikin.ch;daikin.eu;daikin.fi;daikin.ru;top1toysbleijenberg.nl;servier.com.br;sitechnorthwest.com;crocs.com.pe;crocs.com.uy;wuerthmarket;wuerthmarket.ru;ajas.cz;century21viaplus.be;bioderma-india;bioderma-sk;bioderma-sk.com;bioderma;bioderma.com;bioderma.com.hr;bioderma.co;bioderma.co.za;bioderma;bioderma.it;bioderma;crocs.ch;thebodyshop.bg;rationalstock.es;zalando;zalando.at;zalando;zalando.be;zalando;zalando.co;zalando.co.uk;zalando;zalando.cz;zalando;zalando.dk;zalando;zalando.ee;zalando;zalando;zalando.no;zalando;zalando.pl;dolcevita.ca;inductothermgroup.jp;atalian.nl;eresrelocation.es;acetoolonline.com;tupperware.gr;greatplacetowork.pt;inductotherm.com.cn;greatplacetowork.com.tr;sitech.ch;rotary.hr;intersport-arc1950.com;intersport-martinique-guadeloupe.fr;intersport.com.cy;subway-franchise.fr;subwaypacific.com;cubcadet.fr;subway.com.my;subway.co.id;subway.ru;dennert.pl;flashmed-lb.com;algeco.sk;polarysgroup.eu;algeco.at;krofian.de;aeccglobal.com.bd;aeccglobal.co.id;tupperware.nl;tectake.it;titancontainers.com.tr;inductotherm.co.kr;pkf.sk;pkf-l.com;ecochillers.net;solidea.co.za;pkf.com.tr;ajaxtocco.de;nestle.ir;aiesec.cl;tgmresearch.vn;despat.com;solutions30.nl;subarusouthblvd.com;spitex-trevalli.ch;manpowergroup.cz;spitex-grauholz.ch;isuzuniaga.com;tbwa.co.nz;tbwa.com.hk;toyota.com.co;bigfootdigital.co.uk;kumonla.com;howden.co.il;kia-bandung.com;kia-exner.de;kia-guadeloupe.com;kia.com.cy;kia.com.np;trijit.uk;shercomotorcycles.it;workcircle.com;eftech-international.com;overheaddoorbrookfield.com;kawasaki-center-koeln.de;overheaddoormankato.com;msig-asia.com;inductotherm-group-france.fr;inductotherm.com.tr;fimacf.africa;rotary-club-paris-se.org;techmatrix-asia.com;landish.ca;janegal.sk;msd-animal-health.pt;vkf-renzel.bg;vkf-renzel.cz;vkf-renzel.hu;vkf-renzel.dk;tupperware.co.kr;crocs.co.nz;plastoplan.pl;bbraun.ru;secureparking.com.kh;secureparkinghi.com;sofrecogroup.com;rotarycoimbatoredowntown.org;rotarypublicschool.org;lamannamovingny.com;rotary.no;stawag-energie.de;intersport.com.tr;intersport.cz;intersport.hu;intersport.sk;subwayburbank.com;kia.com.ni;kia.com.uy;intersport.fi;sonepar.cz;algeco.be;algeco.com;promstahl.de;toyota-s.co.il;alten-consulting.de;vantagepoint.co.id;xella-colloquium.berlin;aquatherm-belux.be;pkfcabrera.com;pkfcaribbean.com;pkfkerikeri.co.nz;pauldaviswi.com;enterprise.si;thisissowgood.com;spitextg.ch;spitexzh.ch;spitexzug.ch;spitex-wiggertal.ch;cdlcuritiba.org.br;spitex-wyland.ch;spitex-region-kreuzlingen.ch;spitex-region-stockhorn.ch;spitex-region-zofingen.ch;spitex-regionbirs.ch;spitex-regiowittenbach.ch;spitex-romanshorn.ch;spitex-rotbachtal.ch;spitex-rothenburg.ch;spitex-see-lac.ch;spitex-steinmaur-neerach.ch;spitex-steinmaur-neerach.ch;spitex-waedenswil.ch;spitex-wasseramt.ch;spitex-wuerenlos.ch;spitex-zimmerberg.ch;spitexaadorf.ch;spitexampuls.ch;spitexbuchs.ch;spitexgaiserwald.ch;spitexgossau.ch;spitexgraenichen.ch;spitexkaiseraugst.ch;spitexkempt.ch;spitexlauchetal.ch;spitexlueg.ch;spitexmuri.ch;spitexniesen.ch;spitexow.ch;spitexrontalplus.ch;spitexsense.ch;spitexstaefa.ch;spitex.sg;spitex-aarenord.ch;spitex-appenzellerland.ch;spitex-appenzellerland.ch;spitex-bodensee.ch;spitex-emmen.ch;spitex-freiamt.ch;spitex-gaeu.ch;spitex-gersau.ch;spitex-hoefe.ch;spitex-imboden.ch;spitex-linth.ch;spitex-meggen.ch;spitex-muellheim.ch;spitex-oberfreiamt.ch;spitex-oberthurgau.ch;spitex-regiokirchspiel.ch;spitex-region-kreuzlingen.ch;solatubegalicia.com;analytik-jena.fr;modshair-bielefeld.de;modshair-braunschweig.de;modshair-hannover.de;modshair-koeln-city.de;modshair-koeln-lindenthal.de;modshair-stuttgart.de;modshair.co.nz;neposystem.me;tbwa-entelia.com;tbwa.co.za;tbwa.it;kumon.com.hk;kumon.cl;etxt.biz;veka.com.sg;fitness4homesuperstore.com;zkteco.in;zkteco.co.za;zkteco.me;zkteco.vn;attijariwafabank.com.eg;cazenovecapital.com;rotaryclubofessex.com;rutscherlebnis.at;vkf-renzel.com.tr;techtel.com.sg;husse.hu;nordicpharma.be;nordicpharma.nl;nordicpharma.pt;plastoplan.com;budget.co.ao;secureparking.com.lb;secureparking.co.id;muvpropiedades.com.ar;crocs.pl;worldvisionmexico.org.mx;worldvision.al;kiatorun.pl;budatec.de;budgetglacier.com;budget.com.do;top-system.com.mk;culliganreno.com;pkf.ch;pkf.com.cy;pkf.co.in;pkf.co.uk;pkf.dk;pkf.jo;pkf.pt;pkf.swiss;pkf-central-america.com;pkf-dominicana.com;pkf-fwa.com;pkf-hk.com;pkfboi.nz;pkfboston.com;pkfcr.co.nz;pkfcs.co.nz;pkfea.com;pkfgf.co.nz;pkfjnd.com;pkflesotho.com;pkfmalta.com;pkfsingapore.com;pkfuae.com;pkfve.com;sothebysrealty.ae;enterprise.com.ar;enterprise.dk;eca-serel.de;engie-africa;engie-africa.com;engiemiddleeast.com;cdljovem.org.br;solatube.no;solatube.se;nestle.fi;toyotasud.ro;vispiron.systems;kantar.com.tw;modshair-nuernberg.de;hansa-flex.at;hansa-flex.com.cn;hansa-flex.com.pl;hansa-flex.co.uk;bioderma.ec;duracleancarpet.com;duracleanmaine.com;duracleanservicebybob.com;duraclean.us;papajohnsquebec.ca;k-startupcenter.org;accelltherapy.com.au;toysrus.com.bn;toysrus.com.my;toysrus.com.sg;isover.hu;worldvision.bo;worldvision.co;worldvision.org.sv;decathlonkz.com;invisalign.co.uk;newson-gale.co.uk;ford.cl;adra.ca;adra.nl;adra.org.pe;adra.org.pt;adra.org.rs;adra.se;mitsubishi-motors.at;mitsubishi-motors.com.kw;mitsubishi-motors.com.om;mitsubishi-motors.fi;mitsubishi-motors.it;mitsubishi-motors.pt;mitsubishi-motors.qa;keasyfit.it;synlab.com.gh;synlab.com.cy;synlab.com.ng;synlab.com.tr;synlab.cz;amtrakvacations.com.au;synlab.de;synlab.ec;synlab.mk;atalian.pl;mtn.com.af;isover.bg;isover.cz;isover.sk;mapfre.com.ni;mapfre.com.py;mapfre.pr
2,aamcoanaheim.net;aamcotulsa-memorial.com
3,aamcoelpaso-east.com;aamcoutah.com;aamcowintervillenc.com;aamcoindependencemo.com;aamcoseguin.com
4,aamcooflascruces.com
5,aamcotracyca.com
6,abc-autoglas.de
7,abilways.be
8,acuraofgainesville.com;acurasouthpoint.com
9,adeccogroupfoundationus;adeccogroupfoundationus.org
10,adecco.com.sg;duracell-me.com;duracell.co.za;duracell.com.tr;duracell.es;duracell.fr;duracell.in;duracell.it;duracell.pl;sealy.co.kr;secureparkingusa.com;adecco.co.th;adecco.de;eccreditcontrol.com.au;seqens.fi;logmaxbr.com.br;adra.sk;luminishealthcareers.org;edf-re.com.au;lyspoland.pl;africell.ao;engie-ecserwis.pl;engieresources.com;engieservices.us;engie.de;engie.de;engie.pt;mazdaofpoughkeepsie.com;toysrus.pt;esseskincare.fi;esseskincare.hk;esseskincare.no;esseskincare.se;eurochem-na.com;aliaxis-me.com;aliaxis.be;aliaxis.bg;aliaxis.cz;aliaxis.gr;aliaxis.hu;aliaxis.it;aliaxis.pl;tridentseafoods.jp;whirlpool-bangladesh.com;papajohns.co.nl;allianz.ma;exertisztorm.com;faacentrancesolutions.be;faesfarma.com.co;medicover.de;amphenolaudio.com;menschenfuermenschen.at;mercyships.org.au;mercyships.se;misterwhat.nl;fronticsamerica.com;furuno.gr;garminstore.com;garminstore.com.br;genan.com;avia.nl;babgencel.de;bakertilly-ca.com;svnchicagopm.com;bakertillymlt.se;bakertillysek.se;svncredit.ro;bakertilly.com.ve;bakertilly.ec;bakertilly.fr;bakertilly.lk;bakertilly.uy;telehouse.co.th;habitatcoosavalley.org;besins-healthcare.nl;besins-healthcare.se;habitatns.ca;habitatstl.org;habitatvietnam.org;nextbikeczech.com;toolstationjobs.nl;hawaiifamilydentalcareers.com;toyota-niederberger.at;toyotacomauto.com;blackroll.com.pl;honda-angouleme.com;honda-bordeaux.com;bonprix;bonprix.jobs;honda-caen.com;honda-cannes.com;honda-chateauroux.com;honda-dijon.com;honda-grenoble.com;honda-larochelle.com;honda-lemans.com;honda-lille.com;honda-limoges.com;honda-lorient.com;honda-marseille.com;honda-meaux.com;honda-melun.com;honda-metz.com;honda-montpellier.com;brother-industrial.md;brother-slovakia.sk;brother.co.il;honda-mulhouse.com;honda-pirola.com;honda-reims.com;honda-rennes.com;honda-rouen.com;honda-saint-maur.com;honda-strasbourg.com;honda-toulouse.com;honda-villebon.com;hondasevilla.net;howdenagents.gr;howdengroupholdings.com;howdensafetysolutions.com;unglobalcompact.ca;hyrox.es;peugeot.sk;hyundaigatineau.ca;hyundai.ge;cargoriga.ee;indianmotorcyclesturgis.com;infiniti-abudhabi.com;infiniti-azerbaijan.com;infiniti-bahrain.com;infiniti-dubai.com;infiniti-jordan.com;infiniti.com.do;infiniti.com.pa;infiniti.mx;inhuntworld.com;cfmoto-larissa.gr;cfmotobenelux.eu;cfmotoitaly.it;cfmoto.com.tr;victorsport.com.tw;vitalsauna.eu;vivaconagua.at;vivaconagua.org.za;weidner.ca;whatsonsaudiarabia.com;whirlpool-bangladesh;jetfriorefrigeracao.com.br;reallifeconcepts.co.za;reedglobal.ae;reedglobal.ch;reedglobal.com.mt;reedglobal.cz;reedglobal.hu;reedglobal.pl;crocs;crocs.cl;job-impulse.hu;johcm-ukconference.com;reedglobal.sg;williamblairfunds.com;ctdi.in;remax.fi;renault-argenteuil.fr;worldvision.cl;renault-fama.be;renault-materom.ro;renault-tessenderlo.be;kamic.fi;renaultbank.es;kawasaki-seufert.de;kia-ci.com;renaultsanzhispano.es;kia-gorny-eislingen.de;wwf.at;kia-moeller-wunstorf.de;kia-mouscron.be;kiacadca.sk;renaulttersa.com.mx;renaultvercammen.be;kiamotors.com.co;kiaonline.dk;kiaspringfield.co;kiaspringfield.co.za;kia.co.sz;roca.co.th;decathlon.cz;komoder.md;laborelec.com;lamborghini-berlin.com;lamborghini-cannes.com;lamborghini-paris.com;lamborghinimontreal.com
11,adecco.com.vn
12,adfc-radtourismus.de
13,adlatus-nordwestschweiz.ch
14,adra.pl
15,advocarenewbornnetwork.com
16,affidea.lt
17,affinitynonprofits.com
18,aiesec.gr
19,airbnb;airbnb;airbnb;airbnb;airbnb;airbnb.com;airbnb.com;airbnb.com;airbnb.com;airbnb.com;airbnb.com;airbnb.com;airbnb.com;airbnb.com;airbnb.com;airbnb.co;airbnb.co;airbnb.co;airbnb;airbnb;airbnb;airbnb;airbnb;airbnb;airbnb;airbnb;airbnb;airbnb.rs;airbnb;airbnb
20,aireonepeel.ca
21,albatroslogistic.ma
22,alchemia-nova.net
23,aleris-pp.dk
24,algordanza.com.au
25,allbranded.de
26,allianz.ie;allianzdarta.ie;allianzgloballife.com;allianzlifebali.com;allianzpp.com;allianz.is;allianz.lt;allianz.lu;allianz.mg;allianz.nl
27,allianzlifechanger.com
28,alosindustrials.com
29,altengt.com
30,alten.ca
31,altriusconsulting.com;mateco.mx;bmw-motorrad-euromotos-lyon.fr
32,ambiderm.com.gt
33,amnesty.eu;amnesty.lu;amnesty.org.ng
34,amnesty.hu;amnesty.id;amnesty.is
35,amnesty.ie
36,amnesty.se
37,amway;amway.at;amway;amway;amway;amway
38,amway.co.jp
39,anadolumedicalcenter.al
40,aon.lt;aonsolutions.com.cy;aon.lv
41,aontravpro.com
42,aon.co.nz;aon.hu
43,apolloclinicguwahati.co.in
44,applebees.com.gt
45,araihelmet.com
46,ardexamericas.com;ardexbuildingproducts.ie;ardex.dk;ardex.pl
47,arkaybeverages;arkaybeverages.com
48,asendia.de;nordicpharma.es;sprachschule-aktiv.de;sprachschule-aktiv-kaiserslautern.de;viacon.no;kern-liebers.it
49,asieris.com
50,astrazeneca.com.hk
51,astreitalia.it
52,atalian.be;atalian.com.tr
53,atalian.cz
54,atalian.sk
55,athora.nl
56,autosecuritas-barlin.fr;autosecuritas-ct-notre-dame-doe.fr;autosecuritas-ct-seysses.fr;autosecuritas-ctlp.fr;autosecuritas-ducos.fr;autosecuritas-passins.fr;autosecuritas-tallard.fr;autosecuritaslemoule.fr
57,avia-belgomine.be;avia.hu;avia-ramonville.fr;avia-unimot.com.ua;aviabienert.de
58,avia.ch
59,avis-tahiti.com;avisng.com;avis.com.do;avis.com.ph;avis.co.mw;avis.cr
60,avis.nc
61,avon.co.mu
62,axa-assistance.cz;axa-assistance.ma;axa-assistance.pl;axa-lifeeurope.com;axabreakdown.co.uk;axa.ad;axa.dz
63,axa.com.br
64,axa;axa.ma
65,babble.com
66,bakertilly.com.cy;bakertilly.bg
67,bakertilly.pk
68,bauder.ag;bauder.be;bauder.fr;bauder.lt;bauder.nl;bauder.rs
69,bauder.at
70,bauer-egypt.com
71,bauermedia.no
72,bauwerk-group.hr
73,bbraun.ae;bbraun.be;bbraun.bg;bbraun.cz;bbraun.fi;bbraun.hr;bbraun.no;bbraun.rs;bbraun.se
74,bbraun.cn
75,bcurelaser.co.il
76,bees-sport.nl
77,bellaplanta;bellaplanta.de
78,benu.ch;benu.ee;benu.lt;benu.lv;benu;benu.nl
79,berlitz-augsburg.de
80,berlitz-bahrain.com;berlitz-dublin.ie;berlitzhautsdefrance.fr;berlitznouvelleaquitaine.fr;berlitzph.com
81,berlitz.com.py
82,bestdrive.pl;bestdrive.se
83,bestrucksofmn.net
84,billygraham.ca
85,bioderma.pl
86,bosch-climate.com.tr;filterteknik.dk;wordans.de;bosch-homecomfortgroup.com;bosch-homecomfort.com;bosch-industrial.com;bosch-industry-consulting;bosch-industry-consulting.com;bosch-wohnungsgesellschaft;bosch-wohnungsgesellschaft.de;boschautopartes.mx;boschautoparts.com;spitex-buchs.ch;mycabin.ie;minisocr.com
87,bosch-pt.com.au
88,bosch-pt.com.my
89,bosch-pt.co.in
90,bowlero.mx
91,boxful.com.tw
92,budget-ireland.co;budget-ireland.co.uk
93,budget.bg
94,buffalotours.es
95,cafelasmargaritas.es
96,camesoluciones.com;metlife.com.bd
97,carglass;carglass.cz
98,carglass.dk;carglass.ee;carglass.gr;carglass.hr;carglass.hu;carglass.lt;carglass.ma;carglass.re;carglass.rs;carglass;carglass.si
99,caspak.co.nz
100,castsoftware.it
101,catsprotectionshop.co.uk
102,ccusa.com.au;ccusa.co.nz
103,cdlbarreiras.com.br;cdlcampina.org.br;cdlvitoria.com.br;cdlniteroi.com.br;cdltresrios.com.br
104,cdljatai.com.br;cdlvideira.com.br
105,cdu-aldenhoven.de
106,cdvibenelux.com;cdvi.fr;cdvi.se;cdviberica.com;cdviberica.com;cdvi.ca;cdvi.ch;cdvi.com;cdvi.de
107,cdvielectronics.com
108,cedstone.ca
109,cfmoto.com.br
110,chauffeurstelefoon.nl
111,chicco.ch;chicco.com.mx;chicco.com.ua;chicco.fr;chicco.pl;chicco.ru
112,chicco.co.nz
113,childrenandteendentalfl.com
114,cinnabon-egypt.com;cinnabon-ksa.com;cinnabonrussia.com;cinnabon.ca;cinnabon.com.tr;cinnabon.co.za;cinnabon.mx
115,clarksonhyde.it
116,coffeesmith.com.sg
117,colorflexpackaging.com
118,compassion.es
119,compo.de;compo.pl
120,cpi-print.com
121,crif.ch;crif.hk;crif.pl;crif.com.tr
122,crif.cz
123,culligandesmoines.com;culliganwatercorrections.com
124,culliganheartland.com;culliganwi.com
125,culliganredwing.com
126,customneon.com.au
127,cvjm-augsburg.de;cvjm-nuembrecht.de;cvjm-pfalz.de;cvjm-gomaringen.de;cvjm-hemer.de
128,cvjm-dettingen.de;cvjm-muenchberg.de
129,cvjm-muensingen.de
130,dahmira.kz
131,daikintexastechnologypark.com;daikin.com.vn
132,dairyqueenobx.com
133,de-heus;deheus.com;deheus.com.vn;deheus.co;deheus;deheus;deheus.pl;deheus;deheus
134,decathlon-karriere.de
135,decathlon.ch
136,decathlon.com;decathlon.com.br
137,decathlon.com.kh
138,demeter-bw.de;demeter-im-norden.de;demeter-im-westen.de;demeterschmid.de;demeter.at;demeter.ch;demeter.it
139,demetercs;demetercs.eu
140,deprag.cz
141,designpluz.com
142,desjoyauxcreuse.com;desjoyaux.com.cn;desjoyaux.de;desjoyauxcreuse.com
143,desjoyauxgh.com
144,desjoyaux.co.uk
145,dfsk.tn
146,diamond.co.id
147,dicetek.us
148,dilmahtea.co.uk
149,dopplerumbrellas.com.au
150,drekopf-kanalservice.de
151,dulux.co.zw;dulux.pl
152,durableonline.com.sg
153,ealang.com.cn
154,ebayglobalshipping.com;ebay.co.kr;ebay.cn
155,ecotec-usa.com
156,ecslupsk.pl;engie.sk;engie.co.uk;engieindia.com;engie.cl;engieindia
157,edenredrewards.co.in
158,edenred.cl
159,edenred.com.ar;edenred.es;edenred.fi
160,edenred.hu
161,edenred.pl
162,educab.com.au
163,einhell.ba;einhell.de;einhell.hr
164,ekartlogistics.in;svnefird.com;svnprovidence.com;svnahia.com
165,enefitvolt;enefitvolt.com
166,engenmauritius.com
167,engie-energia.pe
168,engie;engie.nl
169,entergy-arkansas.com;entergy-texas.com;entergy-louisiana.com;entergy-mississippi.com;entergy-neworleans.com
170,entergy-nuclear.com
171,ercagroup.com.tr
172,euromaster.cz
173,europa-union-bremen;europa-union-bremen.de;europa-union-diepholz;europa-union-diepholz.de;europa-union-havelland;europa-union-havelland.de;europa-union-hessen;europa-union-hessen.de;europa-union-kassel;europa-union-kassel.de;europa-union-niedersachsen;europa-union-niedersachsen.de;europa-union-sachsen-anhalt;europa-union-sachsen-anhalt.de;europa-union-sachsen;europa-union-sachsen.de;europa-union-thueringen;europa-union-thueringen.de
174,europcar.me
175,fattalhotelgroup.com
176,fft-ps;fft-ps.pl
177,filatime.com
178,fleishmanhillard.cn
179,flesan.com.pe
180,fluidmasteruk.com
181,fordmediacenter.nl;ford.dn.ua
182,ford.if.ua;ford.lviv.ua;ford.pl.ua;ford.te.ua;ford.vn.ua
183,fortprousa.com
184,fosterfarmsfoodservice.com
185,funiber.ci;funiber.cm;funiber.fr;funiber.it;funiber.ma;funiber.ml;funiber.org.co;funiber.org.uy;funiber.sn;funiber.us
186,future-x.at
187,getscsadmin.com
188,glintinc.com
189,gloriasportsarena.com.tr
190,goliathgames.es;goliathgames.de
191,goliathgames.com
192,gotchateausa.com
193,gracehomes.us
194,grantthornton;grantthornton;grantthornton.com;grantthornton.com.pa
195,greatplacetowork.at
196,greatplacetowork.be;greatplacetowork.com.bo;greatplacetowork.com.co;greatplacetowork.com.cy;greatplacetowork.com.mm;greatplacetowork.com.pe;greatplacetowork.com.py;greatplacetowork.com.uy;greatplacetowork.com.ve;greatplacetowork.co.il;greatplacetowork.co.ke;greatplacetowork.co.kr;greatplacetowork.lu;greatplacetowork.mu;greatplacetowork.pl;greatplacetowork.com.ar
197,greatplacetowork.ch;greatplacetowork.com.vn;greatplacetowork.es;greatplacetowork.fr;greatplacetowork.gr;greatplacetowork.se;greatplacetowork.cl;greatplacetowork.cn;greatplacetowork.com.au
198,grupointexa.co
199,gs1al.org
200,gs1bg.org;gs1.ro;gs1.dk;gs1hu.org;gs1sk.org;gs1ec.org
201,gs1hr.org
202,gs1mt.org
203,gs1my.org
204,gs1tn.org;gs1.org.bo
205,gs1.at
206,gulf-japan.com
207,gulfoilchina.com
208,gulfoilltd.com;gulf.lu;gulf.no;gulfoil.co.uk
209,gulfsverige.com
210,gwaliasweets.ca
211,h2oinnovation.mx
212,habitatindiana;habitatindiana.org
213,habitatmichigan.org
214,habitat.hu
215,hannainst.hr
216,hansa-flex.us
217,harigmfg.com;orbico-kenoanyagok.hu;wedos.com;shimadzu-la.com;shimadzu.com.br
218,heliosstrategia.pl
219,hendersonkyedc.com
220,hennessyfunds.com
221,hertz-autopozicovna.sk
222,hertz-tilburg.nl;hertz.com.cy;hertz.com.do;hertz.com.ge;hertz.ro;hertz.yt;hertzhn.com
223,heydudeshoes.es
224,holidayland-friedrichshafen.de
225,hollandandbarrett.ae;hollandandbarrett.com.mt
226,hondatygerberg.co.za
227,hps-guns.de
228,hsusports.com
229,humanasecondhand.se
230,hydroscand.co.ua
231,hyundaitgv.ro
232,hyundai.sn
233,iba-protontherapy.com
234,ibc-solar.co.za;ibc-solar.cz;ibc-solar.es;ibc-solar.it;ibc-solar.jp;ibc-solar.nl;ibc-solar.pl
235,icafalinmobiliaria.cl
236,ikea.es;ikea.com.tr;ikea.co.id
237,ilmercatoambacht.nl;spiegse.com;lueck-gruppe.de;spie-wirliebenkabel.de;spie-energotest.pl;spie.be;spie.lu
238,immanuelalbertinen.de
239,immunospot.eu
240,inbeat;inbeat.co
241,insize.com.br
242,internationalsos.co.jp;internationalsos.no
243,intersport-gros;intersport-gros.de
244,intersport.be
245,intertongn.es
246,isic.bg
247,isic.de
248,isic.fr
249,islprgac.org
250,isuzu.co.mz
251,jdimmigration.es
252,jdm.com.pe
253,jll.co.kr
254,job-impulse.co.jp
255,jollibee.com.bn
256,julis-bayern.de;julis-bremen.de;julis-nuernberg.de;julis-rhein-berg.de;julis-sachsenanhalt.de;julis-sh.de;julis-stuttgart.de
257,julis-muenchen.de
258,kapanfastigheter;kapanfastigheter.se
259,katyawilliamsbridal.com
260,kewpie.com.sg
261,keytitlegroupsa.com
262,kiacowansville;kiacowansville.com
263,kiairaqnim.com
264,kia.com;kia.com.co
265,kierpensions.co.uk
266,kind-der-stadt.at
267,kiwiqa.com.au
268,komoder.co.uk
269,krautzberger.pl
270,kuestarubber.com
271,kuraray.us.com
272,lamborghini-zh.ch
273,lamborghinisarasota.com
274,landermitsubishi.com.au
275,landi.swiss
276,lcvesta.nl
277,le-tech.co.uk
278,leekeswindows.co.uk
279,leroymerlin.co.za
280,lidl-ni.co.uk;lidl.ee;lidl.lt;lidl.lu;lidl.lv;lidl-voyages.fr;lidl.com.cy
281,linak-latinamerica.com;linak.com.br;linak.cz;linak.de;linak.es;linak.kr;linak.nl;linak.pl
282,linde-electronics.com;linde-gas.ee;linde-gas.fi;linde-gas.nl;linde-gas.sk;linde-gaz.pl;lindesaude.pt;linde.ch;linde.co.th
283,linde-finance.com;linde-gas.com
284,lindt.cz;lindt.de;lindt.jp
285,lindt.fi
286,linexaus.com.au
287,linexcoloradosprings.com;linexofmacon.com;linexps.com;linexofchickasha.com;linexofschererville.com;linexofwilliston.com;linexswfl.com
288,louisdepoorterestore.com
289,luxaflexproject-scandinavia;luxaflexproject-scandinavia.com
290,macma.pl
291,malerasstockholm.se
292,mantruckmerchandise.co.uk
293,mariagefreres.co.jp
294,martinavenueshops.com
295,mateco-hungary.hu;mateco.ro;mateco.bg
296,mateco.nl
297,matutis.de
298,mazda-angola-autozuid.com;mazda-poznan-voyager.pl;mazda-press.com;mazda-rzeszow-czach.pl;mazda-sosnowiec-mirai.pl;mazdabali.co.id;mazdalanka.lk;mazda.al;mazda.com.ec;mazda.com.tw;mazda.co.za;mazda.fi;mazda.ua;mazda.ru;mazdanorkar.com
299,mazda-autohaus-becker-homburg-bruchhof.de;mazda-autohaus-hellwig-hoyerswerda.de
300,mazda-ma.com
301,mazda-uae.com
302,mazdaofmidland.com
303,mazda.de;mazda.hu
304,mcdonalds-hh.de
305,mcdonalds-mcdelivery.es
306,mcdonalds.com.sg;mcdonalds.md
307,mcdonalds;mcdonalds.ma
308,mcvitiesindia.com
309,medef-44.fr;medefloire.fr;medef-ain.fr;medef-alsace.com;medef-anjou.fr;medef-artois.fr;medef-aude.com;medef-aura.fr;medef-bearnetsoule.com;medef-beziers.fr;medef-cher.fr;medef-corse.com;medef-cote-opale.com;medef-dromeardeche.fr;medef-essonne.org;medef-franche-comte.com;medef-mayenne.com;medef-nouvelle-aquitaine.fr;medef-pays-basque.fr;medef-paysdelaloire.fr;medef-sarthe.fr;medef-seine-estuaire.fr;medef-seineetmarne.fr;medef-vendee.fr;medef31.fr;medef41.fr;medef71.com;medef79.fr
310,mediqdirekt.de
311,mediqdirekt.hu
312,meggle-bakery;meggle-bakery.com;meggle-cheese;meggle-cheese.com;meggle-group;meggle.co
313,meggle-foodingredients.de;meggle.de;meggle.it
314,menicon.com.au
315,mercanta.de
316,mercyships.be
317,mercyships.nl
318,mersen.jp
319,meyersound.de
320,mffshopen.se
321,miniso-home.ro;minisouruguay.com.uy;minisoindia.com
322,miniso.com.ec
323,miniso.ge
324,miniso.nc
325,mitsubishielectric-printing.com
326,mitsubishielectric;mitsubishielectric.cz
327,mitsubishielectric.in
328,mitsubishielectric.se
329,modern-heads.com
330,moorestoke.co.uk
331,movingstarsinc.com
332,msdinsight.no;msd.es
333,msmode.de
334,mtn.cg
335,mtn.ci;mtn.zm;mtn.com.gh;mtn.co.sz
336,murrelektronik.at;murrelektronik.be;murrelektronik.ch;murrelektronik.com.cn;murrelektronik.com.tr;murrelektronik.cz;murrelektronik.es;murrelektronik.fi;murrelektronik.fr;murrelektronik.hu;murrelektronik.in;murrelektronik.it;murrelektronik.kr;murrelektronik.no;murrelektronik.pl;murrelektronik.ro;murrelektronik.se;murrelektronik.sg;murrelektronik.sk;murrelektronik.uk
337,myfamily.ca
338,naturesrewardcoloredcauliflower.com
339,nelsonlabsbozeman.com
340,nepaltrust.gov.np
341,nerdsonsite.co.za
342,nestle.at
343,nestle.bg
344,nestle.com.ar
345,nestle.com.tw
346,nestle.com.uy
347,nestle.dk
348,nestle.do
349,nestle.no
350,nestle.ua
351,new-beauty.com
352,nexi.hr
353,nhszketpo.hu
354,nikonclub;nikonclub.fr
355,nikonimgsupport.com;nikonlenswear.cn;nikonmetro1stg.wpengine.com;nikon.com.sg
356,nissanmanufacturing.com
357,nissanofopelousas.com
358,nissantireadvantage.com
359,noiseassessments.org
360,nordicpharma.fr
361,notairespirletboinet.be
362,novonordisk.my
363,nutricia.pt
364,nutrienagsolutions.ca
365,oaklandwoodfloors.net
366,ohb-system.de
367,oil-testing.de
368,oilfieldequipments.us
369,ophitusa.com
370,orange.cm;orange.sn;orange.md
371,ovb.at;ovb.ro
372,overheaddoorcompanyjackson.com
373,overheaddoorfayetteville.com
374,pacificinfotech.co.uk
375,pakuacanada.com
376,papasaveriospizzeria.com
377,patheon.com;patheon.kr
378,paybase.netlify.app
379,peach.immo
380,pearsonactivelearn.com
381,pearsonschoolsandfecolleges.co.uk
382,pefc.es
383,pefc.be;pefc.cl;pefc.dk;pefc.fi;pefc.org;pefc.se
384,pigtailsandcrewcutsfranchise.com
385,pilotpen.com.au
386,pilotpen.co.uk
387,pingusenglishbd.com
388,pingusenglish.ac.th;pingusenglish.com;pingusenglish.com.cy;pingusenglish.com.tr;pingusenglish.vn
389,pirtek.be;pirtek.eu;pirtek.ie;pirtek.de
390,pkffinconta.ro
391,plameco-bonn.de;plameco-hannover.de;plameco-rheinsieg.de
392,plastoplan.si
393,platingsystems.info
394,pmcorp.mx
395,pmsgen.com
396,portadoors.com
397,pragroup.com.au;pragroup.pl
398,prioritymanagementscotland.co.uk
399,processcommunicationmodel.sk
400,promat.ch
401,propertyfinder.com
402,protectourwinters.de
403,ptsv-hof-minigolf.de
404,regalsprings.com.mx
405,remax-buchholz.de
406,remax-emblema.com.ar
407,remax-pinneberg.de
408,renault-beaulieu.fr
409,renault-chihuahua.com;renaultcoatzacoalcos.com.mx;renaultdelsol.com.mx;renaultinterlomas.com;renaultmerida.com.mx;renaultmonterrey.com;renaultpatria.com.mx;renaultpatriotismo.com.mx;renaultpuertovallarta.com.mx;renaultsancosme.com.mx;renaulttepic.mx;renaulttlalnepantla.com.mx;renaultcampeche.mx;renaultcancun.com.mx;renaultchiapas.com.mx
410,renault-guilers.fr
411,renault-tortosa.es;renaultrycauto.es;renaultchiva.com
412,renaultamericas.com.mx
413,renaultselection.co.za
414,renaultzaragoza.com
415,renault.jo
416,renault.no
417,repsol.in.ua
418,rexel.ca;rexel.it
419,rheine.schule
420,richs.co.uk
421,rjelinek.cl
422,rocatiles.com
423,rotary-bulgaria.org;rotarygranada.es;rotary5960.org
424,rotary6450.org;rotaryclubdelima.org
425,rotary7610.org
426,rotary7620.org
427,rsmcanada.com;rsmrecruitment.com;rsmthailand.com;rsm.lu;rsmpoland.pl
428,rsmuk.com
429,rubiomonocoatusa.com
430,rubiomonocoat.com.au
431,sackit.no
432,saint-gobain-glass.co.uk
433,saint-gobain.al;saint-gobain.bg;saint-gobain.mk
434,salvationarmyconcordca.org;salvationarmyeet.org
435,salvationarmyflorida.org
436,salvationarmy.org.sg
437,salvationarmy.org.uk
438,sans-sans.com.my
439,santander.com.mx
440,savethechildren.ca
441,savethechildren.org.au
442,scoutaerialafrica.com
443,seasonsrehab.in
444,secom.vn
445,securitas24.de
446,selgen.eu
447,sephora;sephora;sephora.it
448,servier.at;servier.bg;servier.com.ar;servier.com.pa;servier.com.ph;servier.co.id;servier.co.th;servier.co.uk;servier.co.za;servier.cz;servier.es;servier.ge;servier.gr;servier.hu;servier.it;servier.lv;servier.pl;servier.pt;servier.si;servier.sk;servier.ua;servier.vn
449,servier.nl
450,servier;servier.ru
451,shahshalalfood.com
452,shelterstation.com.au
453,shopee.co.th
454,siiora.org
455,sitechdo.com.mx;sitech.fi
456,sixty8.ro
457,skodalondon.com
458,skybusiness.co.nz
459,specialolympics.com.au
460,spg-motoren.de
461,spie-ics.com
462,spitex-flawil-degersheim.ch
463,spp.cz
464,sprachcaffe-muenchen.com
465,sprachschule-aktiv-basel.ch;titancontainers.fr
466,srpb2b.com
467,stadtwerke-heidenheim-regio.de
468,stampinup.ca
469,stanbicbank.co.zm
470,stanleyelectricus.com
471,starbucks.com.sg;starbucks.co.nz
472,starbucks.in
473,starkeyjp.com
474,starkey.co.kr
475,steelhousegroup.ee
476,steinbacher.pl
477,sto.hr
478,strabag-pfs.com
479,subarumidlandodessa.com
480,subarutijuana.mx
481,subaruvilnius.lt
482,subaru.com.tr;subaru.es;subaru.jp;subaru.lu;subaru.nc
483,subaru.eu
484,subwayfrance.fr
485,suttontools.co.nz
486,svntrinity.com
487,svnvanguardla.com
488,synergiejobs.at;synergie.com;synergie.pt;synergiejobs.nl
489,takedaoncology.com
490,tapflo.co.za;tapflo.kz;tapflo.se
491,tasuki-holdings.co.jp
492,taylorfarmsdeli.com
493,tchibo.cz
494,tenneco.co.jp
495,terradat.co.uk
496,tescomobile.sk
497,thebodyshop.si
498,thelab.id
499,thelocal.at;thelocal.ch;thelocal.dk;thelocal.es;thelocal.fr;thelocal.it;thelocal.no
500,titancontainers.co.nz
501,titancontainers.dk
502,toolstationjobs.be
503,toshiba-water.com
504,toupret.ch
505,toyota-bauer.at
506,toyota-bornholm.dk
507,toyota-evreux.fr
508,toyota-indus.com;toyotaalbay.com.ph
509,toyota-saint-victoret.com;toyotaaktoy.com.tr;toyotanatas.com.tr
510,toyota.com.np;toyota.com;toyota.com.kh;toyota.com
511,toyotaalbania.al
512,toyotabacau.ro;toyotafocsani.ro;toyotaconstanta.ro
513,toyotabeerens.be
514,toyotadolak.cz;toyota.com.mt
515,toyotahonduras.com
516,toyotanorthedsa.com
517,toyotaquezonavenue.com.ph
518,toyotasanpablo.com.ph
519,toyota.co.tz
520,tracybookshop.com
521,trakm8.cz
522,tributek.com
523,trinkgutlippstadt.de
524,trisa.bg
525,trulynolenalagoas.com.br;trulynolenbarueri.com.br;trulynolencampogrande.com.br;trulynolengoias.com.br;trulynolennatal.com.br;trulynolenparaiba.com.br;trulynolenpiaui.com.br;trulynolenrecife.com.br
526,tryg;tryg.com
527,tts-group.at
528,ubicast.tv
529,unglobalcompactghana.com
530,unitecnica-us;unitecnica-us.com
531,urmet.com.br
532,vamdodoma;vamdodoma.ru
533,vans.at;vans.es;vans.fr;vans.it
534,vans.com.au
535,vbhtrgovina;vbh;vbh.be;vbh;vbh;vbh;vbh;vbh
536,vbh.com.es
537,veka.bg;veka.fr;veka.hu
538,venaenergy.co.jp
539,venturelightingme.com
540,vetpartners.fr
541,viessmann.ua
542,warmupdeutschland.de
543,webster.nl
544,wheystore.vn
545,whirlpoolservice.co.uk;whirlpool.com.hk
546,worldoptionsgh.com.au
547,worldvisionamericalatina.org
548,worldvision.org.nz
549,wuerth.com.hr
550,wurth.co
551,wwf.org.nz
552,wwfchina.org
553,wwf.es;wwf.ro;wwf.no;wwf.org;wwf.or.th
554,xwiftracingevents.be
555,ymca-cnw.org;ymcasf.org;ymcatriangle.org;ymcatrivalley.org;ymcachicago.org
556,ymcalouisville;ymcalouisville.org
557,ymcaokc.org;ymcawaycross.com
558,yonyou.com.hk
559,yord.pl
560,yves-rocher.at;yves-rocher.ch;yves-rocher.de;yves-rocher.nl;yves-rocher.se;yvesrocher.com.tr
561,yves-rocher.it;yves-rocher.pt
562,zhcpa.cn
563,zktecoma.com
564,zkteco.com.eg
